{"cameraMode":{"drawMode":0,"name":"Shaded","section":"Shading Mode"},"sceneLighting":true,"audioPlay":false,"sceneViewState":{"m_AlwaysRefresh":false,"showFog":true,"showSkybox":true,"showFlares":true,"showImageEffects":true,"showParticleSystems":true,"showVisualEffectGraphs":true,"m_FxEnabled":true},"in2DMode":false,"pivot":{"x":-4.393012523651123,"y":9.576366424560547,"z":20.495838165283204},"rotation":{"x":-0.042263831943273547,"y":0.03955167904496193,"z":-0.0016729558119550348,"w":-0.9983296990394592},"size":31.153165817260743,"orthographic":false}